{"cameraMode":{"drawMode":0,"name":"Shaded","section":"Shading Mode"},"sceneLighting":false,"audioPlay":false,"sceneViewState":{"showFog":true,"showMaterialUpdate":false,"showSkybox":false,"showFlares":true,"showImageEffects":true,"showParticleSystems":true},"in2DMode":false,"pivot":{"x":-2.111919403076172,"y":0.7565759420394898,"z":2.462522506713867},"rotation":{"x":0.10812050849199295,"y":-0.4262007772922516,"z":0.05139102786779404,"w":0.8966740965843201},"size":3.9073946475982668,"orthographic":false}