{"cameraMode":{"drawMode":0,"name":"Shaded","section":"Shading Mode"},"sceneLighting":false,"audioPlay":false,"sceneViewState":{"showFog":true,"showMaterialUpdate":false,"showSkybox":false,"showFlares":true,"showImageEffects":true,"showParticleSystems":true},"in2DMode":false,"pivot":{"x":-3.119999885559082,"y":0.71510910987854,"z":-0.9900000095367432},"rotation":{"x":0.1430724561214447,"y":0.5464322566986084,"z":-0.09538011252880097,"w":0.8196613192558289},"size":0.8660253882408142,"orthographic":false}